route_id,origin,destination,total_passengers,weight
DELHI-MUMBAI,DELHI,MUMBAI,4029444.0,0.040979
BENGALURU-DELHI,BENGALURU,DELHI,2885936.0,0.029345
BENGALURU-MUMBAI,BENGALURU,MUMBAI,2476421.0,0.025181
DELHI-HYDERABAD,DELHI,HYDERABAD,1862287.0,0.018936
DELHI-KOLKATA,DELHI,KOLKATA,1778985.0,0.018089
DELHI-PUNE,DELHI,PUNE,1704284.0,0.01733
GOA-MUMBAI,GOA,MUMBAI,1495328.0,0.015205
AHMEDABAD-DELHI,AHMEDABAD,DELHI,1402813.0,0.014264
DELHI-GOA,DELHI,GOA,1352032.0,0.013748
CHENNAI-MUMBAI,CHENNAI,MUMBAI,1312448.0,0.013345
HYDERABAD-MUMBAI,HYDERABAD,MUMBAI,1285881.0,0.013075
KOLKATA-MUMBAI,KOLKATA,MUMBAI,1281897.0,0.013035
CHENNAI-DELHI,CHENNAI,DELHI,1277274.0,0.012988
BENGALURU-HYDERABAD,BENGALURU,HYDERABAD,1217734.0,0.012382
AHMEDABAD-MUMBAI,AHMEDABAD,MUMBAI,1215086.0,0.012355
BENGALURU-KOLKATA,BENGALURU,KOLKATA,1204113.0,0.012244
DELHI-SRINAGAR,DELHI,SRINAGAR,1141145.0,0.011604
BENGALURU-PUNE,BENGALURU,PUNE,1079353.0,0.010975
DELHI-GUWAHATI,DELHI,GUWAHATI,938099.0,0.009539
DELHI-PATNA,DELHI,PATNA,908354.0,0.009236
BENGALURU-GOA,BENGALURU,GOA,875214.0,0.008899
BENGALURU-CHENNAI,BENGALURU,CHENNAI,872523.0,0.008872
DELHI-LUCKNOW,DELHI,LUCKNOW,854555.0,0.008689
KOCHI-MUMBAI,KOCHI,MUMBAI,805813.0,0.008194
BENGALURU-KOCHI,BENGALURU,KOCHI,790980.0,0.008043
BAGDOGRA-DELHI,BAGDOGRA,DELHI,786281.0,0.007995
CHENNAI-HYDERABAD,CHENNAI,HYDERABAD,731896.0,0.007442
GOA-HYDERABAD,GOA,HYDERABAD,704733.0,0.007166
CHENNAI-KOLKATA,CHENNAI,KOLKATA,690237.0,0.007019
AHMEDABAD-BENGALURU,AHMEDABAD,BENGALURU,688483.0,0.007001
BHUBANESWAR-DELHI,BHUBANESWAR,DELHI,687573.0,0.006991
JAIPUR-MUMBAI,JAIPUR,MUMBAI,672006.0,0.006833
DELHI-INDORE,DELHI,INDORE,668847.0,0.006801
AMRITSAR-DELHI,AMRITSAR,DELHI,636890.0,0.006476
LUCKNOW-MUMBAI,LUCKNOW,MUMBAI,615595.0,0.00626
HYDERABAD-VISHAKHAPATNAM,HYDERABAD,VISHAKHAPATNAM,610591.0,0.006209
DELHI-KOCHI,DELHI,KOCHI,570247.0,0.005798
HYDERABAD-KOLKATA,HYDERABAD,KOLKATA,569420.0,0.00579
DELHI-VARANASI,DELHI,VARANASI,565232.0,0.005747
MUMBAI-VARANASI,MUMBAI,VARANASI,556772.0,0.005661
GUWAHATI-KOLKATA,GUWAHATI,KOLKATA,551057.0,0.005603
CHANDIGARH-DELHI,CHANDIGARH,DELHI,538851.0,0.005479
DELHI-LEH,DELHI,LEH,513153.0,0.005218
DELHI-RANCHI,DELHI,RANCHI,511122.0,0.005197
DELHI-RAIPUR,DELHI,RAIPUR,507361.0,0.005159
BENGALURU-BHUBANESWAR,BENGALURU,BHUBANESWAR,504000.0,0.005125
AGARTALA-KOLKATA,AGARTALA,KOLKATA,493361.0,0.005017
CHENNAI-COIMBATORE,CHENNAI,COIMBATORE,485344.0,0.004935
BENGALURU-VARANASI,BENGALURU,VARANASI,485261.0,0.004934
BENGALURU-LUCKNOW,BENGALURU,LUCKNOW,482127.0,0.004902
BENGALURU-MANGALORE,BENGALURU,MANGALORE,479902.0,0.00488
INDORE-MUMBAI,INDORE,MUMBAI,476118.0,0.004841
CHENNAI-PUNE,CHENNAI,PUNE,474147.0,0.004821
DELHI-NAGPUR,DELHI,NAGPUR,470871.0,0.004788
MUMBAI-NAGPUR,MUMBAI,NAGPUR,462880.0,0.004707
BENGALURU-GUWAHATI,BENGALURU,GUWAHATI,437194.0,0.004446
BENGALURU-JAIPUR,BENGALURU,JAIPUR,434635.0,0.00442
DELHI-JAMMU,DELHI,JAMMU,429914.0,0.004372
HYDERABAD-PUNE,HYDERABAD,PUNE,428164.0,0.004354
BENGALURU-THIRUVANANTHAPURAM,BENGALURU,THIRUVANANTHAPURAM,421243.0,0.004283
CHANDIGARH-MUMBAI,CHANDIGARH,MUMBAI,418555.0,0.004256
HYDERABAD-KOCHI,HYDERABAD,KOCHI,397388.0,0.004041
DELHI-SURAT,DELHI,SURAT,390980.0,0.003976
DELHI-UDAIPUR,DELHI,UDAIPUR,388848.0,0.003954
DELHI-JAIPUR,DELHI,JAIPUR,387269.0,0.003938
BENGALURU-PATNA,BENGALURU,PATNA,384285.0,0.003908
BAGDOGRA-KOLKATA,BAGDOGRA,KOLKATA,380879.0,0.003873
MUMBAI-UDAIPUR,MUMBAI,UDAIPUR,378062.0,0.003844
DEHRADUN-DELHI,DEHRADUN,DELHI,371213.0,0.003775
BHOPAL-DELHI,BHOPAL,DELHI,368797.0,0.00375
MANGALORE-MUMBAI,MANGALORE,MUMBAI,357867.0,0.003639
AHMEDABAD-PUNE,AHMEDABAD,PUNE,357638.0,0.003637
BHUBANESWAR-MUMBAI,BHUBANESWAR,MUMBAI,356906.0,0.003629
BAGDOGRA-MUMBAI,BAGDOGRA,MUMBAI,356151.0,0.003621
CHENNAI-KOCHI,CHENNAI,KOCHI,353148.0,0.003591
BENGALURU-CHANDIGARH,BENGALURU,CHANDIGARH,350761.0,0.003567
HIRASAR-MUMBAI,HIRASAR,MUMBAI,345245.0,0.003511
DELHI-VADODARA,DELHI,VADODARA,340263.0,0.00346
HYDERABAD-TIRUPATI,HYDERABAD,TIRUPATI,333342.0,0.00339
COIMBATORE-MUMBAI,COIMBATORE,MUMBAI,332765.0,0.003384
BENGALURU-NAGPUR,BENGALURU,NAGPUR,331946.0,0.003375
AHMEDABAD-KOLKATA,AHMEDABAD,KOLKATA,331490.0,0.003371
BAGDOGRA-BENGALURU,BAGDOGRA,BENGALURU,330152.0,0.003357
AHMEDABAD-HYDERABAD,AHMEDABAD,HYDERABAD,320408.0,0.003258
COIMBATORE-HYDERABAD,COIMBATORE,HYDERABAD,313993.0,0.003193
KOLKATA-PUNE,KOLKATA,PUNE,300266.0,0.003053
CHENNAI-PORT BLAIR,CHENNAI,PORT BLAIR,298298.0,0.003033
BENGALURU-VISHAKHAPATNAM,BENGALURU,VISHAKHAPATNAM,295282.0,0.003003
KOLKATA-PORT BLAIR,KOLKATA,PORT BLAIR,294286.0,0.002992
CHENNAI-MADURAI,CHENNAI,MADURAI,286278.0,0.002911
MUMBAI-PATNA,MUMBAI,PATNA,281190.0,0.002859
BENGALURU-INDORE,BENGALURU,INDORE,280565.0,0.002853
BENGALURU-RANCHI,BENGALURU,RANCHI,278907.0,0.002836
AHMEDABAD-CHENNAI,AHMEDABAD,CHENNAI,273723.0,0.002783
DELHI-VISHAKHAPATNAM,DELHI,VISHAKHAPATNAM,273268.0,0.002779
BHUBANESWAR-HYDERABAD,BHUBANESWAR,HYDERABAD,268155.0,0.002727
BENGALURU-KOZHIKODE,BENGALURU,KOZHIKODE,267863.0,0.002724
BENGALURU-COIMBATORE,BENGALURU,COIMBATORE,266655.0,0.002711
DELHI-GORAKHPUR,DELHI,GORAKHPUR,261610.0,0.00266
GOA-PUNE,GOA,PUNE,261545.0,0.002659
AHMEDABAD-GOA,AHMEDABAD,GOA,256966.0,0.002613
COIMBATORE-DELHI,COIMBATORE,DELHI,255356.0,0.002597
DELHI-THIRUVANANTHAPURAM,DELHI,THIRUVANANTHAPURAM,253758.0,0.00258
GUWAHATI-IMPHAL,GUWAHATI,IMPHAL,253058.0,0.002573
GUWAHATI-MUMBAI,GUWAHATI,MUMBAI,250625.0,0.002548
DELHI-HIRASAR,DELHI,HIRASAR,245964.0,0.002501
HYDERABAD-VARANASI,HYDERABAD,VARANASI,237103.0,0.002411
MUMBAI-VADODARA,MUMBAI,VADODARA,229717.0,0.002336
MUMBAI-RAIPUR,MUMBAI,RAIPUR,229202.0,0.002331
BHOPAL-MUMBAI,BHOPAL,MUMBAI,228377.0,0.002322
HYDERABAD-JAIPUR,HYDERABAD,JAIPUR,226159.0,0.0023
JAIPUR-KOLKATA,JAIPUR,KOLKATA,225212.0,0.00229
GUWAHATI-HYDERABAD,GUWAHATI,HYDERABAD,224694.0,0.002285
HYDERABAD-VIJAYWADA,HYDERABAD,VIJAYWADA,220030.0,0.002237
DEHRADUN-MUMBAI,DEHRADUN,MUMBAI,218943.0,0.002226
BHUBANESWAR-KOLKATA,BHUBANESWAR,KOLKATA,217716.0,0.002214
HYDERABAD-PATNA,HYDERABAD,PATNA,217403.0,0.002211
MUMBAI-THIRUVANANTHAPURAM,MUMBAI,THIRUVANANTHAPURAM,211138.0,0.002147
CHENNAI-GUWAHATI,CHENNAI,GUWAHATI,206503.0,0.0021
DELHI-IMPHAL,DELHI,IMPHAL,203820.0,0.002073
HYDERABAD-LUCKNOW,HYDERABAD,LUCKNOW,202713.0,0.002061
BAGDOGRA-HYDERABAD,BAGDOGRA,HYDERABAD,198441.0,0.002018
MUMBAI-SRINAGAR,MUMBAI,SRINAGAR,197608.0,0.002009
AMRITSAR-MUMBAI,AMRITSAR,MUMBAI,196143.0,0.001994
KOLKATA-PATNA,KOLKATA,PATNA,195563.0,0.001989
NAGPUR-PUNE,NAGPUR,PUNE,191413.0,0.001946
INDORE-PUNE,INDORE,PUNE,189937.0,0.001931
BENGALURU-PORT BLAIR,BENGALURU,PORT BLAIR,189681.0,0.001929
CHENNAI-THIRUVANANTHAPURAM,CHENNAI,THIRUVANANTHAPURAM,188865.0,0.00192
DARBHANGA-DELHI,DARBHANGA,DELHI,188530.0,0.001917
HYDERABAD-RAJAHMUNDRY,HYDERABAD,RAJAHMUNDRY,186905.0,0.001901
HYDERABAD-INDORE,HYDERABAD,INDORE,183004.0,0.001861
AURANGABAD-DELHI,AURANGABAD,DELHI,182822.0,0.001859
AYODHYA-DELHI,AYODHYA,DELHI,182599.0,0.001857
HYDERABAD-RANCHI,HYDERABAD,RANCHI,182006.0,0.001851
JAMMU-SRINAGAR,JAMMU,SRINAGAR,178361.0,0.001814
BENGALURU-SURAT,BENGALURU,SURAT,174017.0,0.001769
CHENNAI-VISHAKHAPATNAM,CHENNAI,VISHAKHAPATNAM,170440.0,0.001733
BENGALURU-VIJAYWADA,BENGALURU,VIJAYWADA,169619.0,0.001725
DELHI-DIBRUGARH,DELHI,DIBRUGARH,168432.0,0.001713
DELHI-JODHPUR,DELHI,JODHPUR,167679.0,0.001705
MUMBAI-RANCHI,MUMBAI,RANCHI,167347.0,0.001702
GORAKHPUR-MUMBAI,GORAKHPUR,MUMBAI,166551.0,0.001694
JODHPUR-MUMBAI,JODHPUR,MUMBAI,165340.0,0.001681
CHANDIGARH-HYDERABAD,CHANDIGARH,HYDERABAD,162233.0,0.00165
BENGALURU-DEHRADUN,BENGALURU,DEHRADUN,159813.0,0.001625
IMPHAL-KOLKATA,IMPHAL,KOLKATA,157836.0,0.001605
BENGALURU-RAIPUR,BENGALURU,RAIPUR,157731.0,0.001604
CHENNAI-TIRUCHIRAPPALLI,CHENNAI,TIRUCHIRAPPALLI,156114.0,0.001587
DIBRUGARH-GUWAHATI,DIBRUGARH,GUWAHATI,155371.0,0.00158
DELHI-VIJAYWADA,DELHI,VIJAYWADA,155417.0,0.00158
HYDERABAD-RAIPUR,HYDERABAD,RAIPUR,153254.0,0.001558
BENGALURU-BHOPAL,BENGALURU,BHOPAL,152164.0,0.001547
AHMEDABAD-CHANDIGARH,AHMEDABAD,CHANDIGARH,151154.0,0.001537
DARBHANGA-MUMBAI,DARBHANGA,MUMBAI,151118.0,0.001537
CHENNAI-GOA,CHENNAI,GOA,150055.0,0.001526
KOLKATA-RAIPUR,KOLKATA,RAIPUR,147492.0,0.0015
GOA-KOLKATA,GOA,KOLKATA,143712.0,0.001461
HYDERABAD-THIRUVANANTHAPURAM,HYDERABAD,THIRUVANANTHAPURAM,142965.0,0.001454
JAIPUR-PUNE,JAIPUR,PUNE,142264.0,0.001447
BENGALURU-GORAKHPUR,BENGALURU,GORAKHPUR,139967.0,0.001423
LUCKNOW-PUNE,LUCKNOW,PUNE,139544.0,0.001419
KOLKATA-LUCKNOW,KOLKATA,LUCKNOW,138175.0,0.001405
DELHI-MANGALORE,DELHI,MANGALORE,137156.0,0.001395
AHMEDABAD-LUCKNOW,AHMEDABAD,LUCKNOW,136726.0,0.00139
AGARTALA-GUWAHATI,AGARTALA,GUWAHATI,134204.0,0.001365
KOLKATA-SILCHAR,KOLKATA,SILCHAR,133843.0,0.001361
ALLAHABAD-MUMBAI,ALLAHABAD,MUMBAI,132999.0,0.001352
KOCHI-PUNE,KOCHI,PUNE,132675.0,0.001349
DIBRUGARH-KOLKATA,DIBRUGARH,KOLKATA,132041.0,0.001343
KOLKATA-VARANASI,KOLKATA,VARANASI,132114.0,0.001343
GUWAHATI-JAIPUR,GUWAHATI,JAIPUR,130853.0,0.001331
BENGALURU-UDAIPUR,BENGALURU,UDAIPUR,126094.0,0.001282
CHANDIGARH-SRINAGAR,CHANDIGARH,SRINAGAR,123009.0,0.001251
DELHI-DEOGHAR,DELHI,DEOGHAR,119827.0,0.001218
DELHI-JABALPUR,DELHI,JABALPUR,119798.0,0.001218
CHENNAI-TUTICORIN,CHENNAI,TUTICORIN,118516.0,0.001205
HYDERABAD-MADURAI,HYDERABAD,MADURAI,117021.0,0.00119
BHUJ-MUMBAI,BHUJ,MUMBAI,114691.0,0.001166
BENGALURU-MADURAI,BENGALURU,MADURAI,114349.0,0.001163
BENGALURU-TIRUCHIRAPPALLI,BENGALURU,TIRUCHIRAPPALLI,112843.0,0.001147
BENGALURU-SRINAGAR,BENGALURU,SRINAGAR,112389.0,0.001143
AHMEDABAD-JAIPUR,AHMEDABAD,JAIPUR,107220.0,0.00109
CHANDIGARH-GOA,CHANDIGARH,GOA,105024.0,0.001068
CHENNAI-JAIPUR,CHENNAI,JAIPUR,103430.0,0.001052
CHANDIGARH-PUNE,CHANDIGARH,PUNE,103241.0,0.00105
DELHI-PORT BLAIR,DELHI,PORT BLAIR,102792.0,0.001045
BENGALURU-GHAZIABAD,BENGALURU,GHAZIABAD,101970.0,0.001037
BHUBANESWAR-CHENNAI,BHUBANESWAR,CHENNAI,101685.0,0.001034
DELHI-NASHIK,DELHI,NASHIK,101698.0,0.001034
KOLKATA-RANCHI,KOLKATA,RANCHI,101197.0,0.001029
HYDERABAD-UDAIPUR,HYDERABAD,UDAIPUR,100984.0,0.001027
AURANGABAD-MUMBAI,AURANGABAD,MUMBAI,100135.0,0.001018
GOA-INDORE,GOA,INDORE,97634.0,0.000993
JAMNAGAR-MUMBAI,JAMNAGAR,MUMBAI,94020.0,0.000956
MADURAI-MUMBAI,MADURAI,MUMBAI,92871.0,0.000944
AGARTALA-DELHI,AGARTALA,DELHI,90694.0,0.000922
DELHI-GAYA,DELHI,GAYA,90019.0,0.000915
GUWAHATI-SILCHAR,GUWAHATI,SILCHAR,88905.0,0.000904
BAGDOGRA-CHENNAI,BAGDOGRA,CHENNAI,88291.0,0.000898
KOZHIKODE-MUMBAI,KOZHIKODE,MUMBAI,87548.0,0.00089
BENGALURU-SHIRDI,BENGALURU,SHIRDI,86582.0,0.00088
GORAKHPUR-HYDERABAD,GORAKHPUR,HYDERABAD,85401.0,0.000868
GOA-JAIPUR,GOA,JAIPUR,85078.0,0.000865
MUMBAI-VIJAYWADA,MUMBAI,VIJAYWADA,83526.0,0.000849
HYDERABAD-SHIRDI,HYDERABAD,SHIRDI,82783.0,0.000842
PUNE-VARANASI,PUNE,VARANASI,82776.0,0.000842
DELHI-DHARAMSALA,DELHI,DHARAMSALA,82364.0,0.000838
BENGALURU-JODHPUR,BENGALURU,JODHPUR,81054.0,0.000824
KOLKATA-NAGPUR,KOLKATA,NAGPUR,80641.0,0.00082
DELHI-JHARSUGUDA,DELHI,JHARSUGUDA,79145.0,0.000805
GOA-RAIPUR,GOA,RAIPUR,79126.0,0.000805
GOA-SURAT,GOA,SURAT,79111.0,0.000804
AIZAWL-DELHI,AIZAWL,DELHI,78263.0,0.000796
AHMEDABAD-VARANASI,AHMEDABAD,VARANASI,77964.0,0.000793
DIMAPUR-GUWAHATI,DIMAPUR,GUWAHATI,77758.0,0.000791
AHMEDABAD-DEHRADUN,AHMEDABAD,DEHRADUN,77401.0,0.000787
KOLKATA-SURAT,KOLKATA,SURAT,77433.0,0.000787
PATNA-PUNE,PATNA,PUNE,77327.0,0.000786
CHANDIGARH-KOLKATA,CHANDIGARH,KOLKATA,77255.0,0.000786
CHENNAI-VARANASI,CHENNAI,VARANASI,77000.0,0.000783
CHANDIGARH-CHENNAI,CHANDIGARH,CHENNAI,76865.0,0.000782
DURGAPUR-HYDERABAD,DURGAPUR,HYDERABAD,76821.0,0.000781
GHAZIABAD-MUMBAI,GHAZIABAD,MUMBAI,75410.0,0.000767
HYDERABAD-PORT BLAIR,HYDERABAD,PORT BLAIR,75395.0,0.000767
DELHI-SHIRDI,DELHI,SHIRDI,75026.0,0.000763
HYDERABAD-SRINAGAR,HYDERABAD,SRINAGAR,74909.0,0.000762
JORHAT-KOLKATA,JORHAT,KOLKATA,74264.0,0.000755
PUNE-RANCHI,PUNE,RANCHI,73983.0,0.000752
GOA-NAGPUR,GOA,NAGPUR,73313.0,0.000745
KANPUR-MUMBAI,KANPUR,MUMBAI,73303.0,0.000745
DELHI-KOZHIKODE,DELHI,KOZHIKODE,73093.0,0.000743
CHENNAI-SHIRDI,CHENNAI,SHIRDI,72587.0,0.000738
AYODHYA-MUMBAI,AYODHYA,MUMBAI,72249.0,0.000735
CHANDIGARH-JAIPUR,CHANDIGARH,JAIPUR,72233.0,0.000734
MUMBAI-VISHAKHAPATNAM,MUMBAI,VISHAKHAPATNAM,72071.0,0.000733
COIMBATORE-PUNE,COIMBATORE,PUNE,71748.0,0.00073
AIZAWL-KOLKATA,AIZAWL,KOLKATA,71722.0,0.000729
AGRA-BENGALURU,AGRA,BENGALURU,71041.0,0.000722
AHMEDABAD-INDORE,AHMEDABAD,INDORE,70910.0,0.000721
CHENNAI-PATNA,CHENNAI,PATNA,70470.0,0.000717
AHMEDABAD-BAGDOGRA,AHMEDABAD,BAGDOGRA,70499.0,0.000717
DELHI-DIMAPUR,DELHI,DIMAPUR,70236.0,0.000714
AHMEDABAD-PATNA,AHMEDABAD,PATNA,70015.0,0.000712
DELHI-DURGAPUR,DELHI,DURGAPUR,69904.0,0.000711
HYDERABAD-VADODARA,HYDERABAD,VADODARA,69913.0,0.000711
INDORE-KOLKATA,INDORE,KOLKATA,69390.0,0.000706
DELHI-ITANAGAR,DELHI,ITANAGAR,69470.0,0.000706
BENGALURU-JHARSUGUDA,BENGALURU,JHARSUGUDA,69082.0,0.000702
AIZAWL-GUWAHATI,AIZAWL,GUWAHATI,68975.0,0.000701
AMRITSAR-PUNE,AMRITSAR,PUNE,68756.0,0.000699
CHENNAI-INDORE,CHENNAI,INDORE,68602.0,0.000698
HYDERABAD-KOZHIKODE,HYDERABAD,KOZHIKODE,68457.0,0.000696
CHENNAI-RANCHI,CHENNAI,RANCHI,67930.0,0.000691
BAGDOGRA-DIBRUGARH,BAGDOGRA,DIBRUGARH,67934.0,0.000691
AMRITSAR-BENGALURU,AMRITSAR,BENGALURU,67833.0,0.00069
BHUBANESWAR-GUWAHATI,BHUBANESWAR,GUWAHATI,67478.0,0.000686
DELHI-MADURAI,DELHI,MADURAI,67430.0,0.000686
BENGALURU-DURGAPUR,BENGALURU,DURGAPUR,67329.0,0.000685
DELHI-JAISALMER,DELHI,JAISALMER,66797.0,0.000679
DELHI-KANPUR,DELHI,KANPUR,66680.0,0.000678
AHMEDABAD-GUWAHATI,AHMEDABAD,GUWAHATI,66585.0,0.000677
INDORE-RAIPUR,INDORE,RAIPUR,66378.0,0.000675
ADAMPUR-MUMBAI,ADAMPUR,MUMBAI,66406.0,0.000675
AHMEDABAD-RAIPUR,AHMEDABAD,RAIPUR,66169.0,0.000673
DEHRADUN-HYDERABAD,DEHRADUN,HYDERABAD,66107.0,0.000672
BHUJ-DELHI,BHUJ,DELHI,65958.0,0.000671
HYDERABAD-PURNEA,HYDERABAD,PURNEA,66032.0,0.000671
AHMEDABAD-BHUBANESWAR,AHMEDABAD,BHUBANESWAR,65656.0,0.000668
AHMEDABAD-KOCHI,AHMEDABAD,KOCHI,65640.0,0.000667
HYDERABAD-TIRUCHIRAPPALLI,HYDERABAD,TIRUCHIRAPPALLI,65283.0,0.000664
HYDERABAD-NAGPUR,HYDERABAD,NAGPUR,65150.0,0.000662
BENGALURU-DEOGHAR,BENGALURU,DEOGHAR,64215.0,0.000653
BENGALURU-HUBLI,BENGALURU,HUBLI,64165.0,0.000652
BHUBANESWAR-PUNE,BHUBANESWAR,PUNE,63896.0,0.00065
MUMBAI-TIRUPATI,MUMBAI,TIRUPATI,63759.0,0.000648
GOA-LUCKNOW,GOA,LUCKNOW,63736.0,0.000648
BENGALURU-HIRASAR,BENGALURU,HIRASAR,63674.0,0.000647
GUWAHATI-PUNE,GUWAHATI,PUNE,63605.0,0.000647
AMRITSAR-SRINAGAR,AMRITSAR,SRINAGAR,63318.0,0.000644
GOA-KOCHI,GOA,KOCHI,63187.0,0.000643
DELHI-HUBLI,DELHI,HUBLI,63182.0,0.000642
HYDERABAD-JODHPUR,HYDERABAD,JODHPUR,63120.0,0.000642
JAIPUR-SURAT,JAIPUR,SURAT,62962.0,0.00064
GWALIOR-MUMBAI,GWALIOR,MUMBAI,62877.0,0.000639
DIMAPUR-KOLKATA,DIMAPUR,KOLKATA,62680.0,0.000637
AHMEDABAD-SRINAGAR,AHMEDABAD,SRINAGAR,62425.0,0.000635
BENGALURU-NASHIK,BENGALURU,NASHIK,62213.0,0.000633
BHOPAL-PUNE,BHOPAL,PUNE,62068.0,0.000631
DELHI-PURNEA,DELHI,PURNEA,61716.0,0.000628
HYDERABAD-SURAT,HYDERABAD,SURAT,61670.0,0.000627
AHMEDABAD-RANCHI,AHMEDABAD,RANCHI,61699.0,0.000627
VIJAYWADA-VISHAKHAPATNAM,VIJAYWADA,VISHAKHAPATNAM,61444.0,0.000625
ALLAHABAD-DELHI,ALLAHABAD,DELHI,61346.0,0.000624
CHANDIGARH-INDORE,CHANDIGARH,INDORE,61247.0,0.000623
BENGALURU-KANNUR,BENGALURU,KANNUR,60281.0,0.000613
CHANDIGARH-LUCKNOW,CHANDIGARH,LUCKNOW,60171.0,0.000612
DELHI-KANNUR,DELHI,KANNUR,59957.0,0.00061
JABALPUR-MUMBAI,JABALPUR,MUMBAI,59356.0,0.000604
BELGAUM-DELHI,BELGAUM,DELHI,59437.0,0.000604
PUNE-RAIPUR,PUNE,RAIPUR,59025.0,0.0006
KOLKATA-VISHAKHAPATNAM,KOLKATA,VISHAKHAPATNAM,58936.0,0.000599
AGATTI ISLAND-KOCHI,AGATTI ISLAND,KOCHI,58722.0,0.000597
BENGALURU-VADODARA,BENGALURU,VADODARA,58000.0,0.00059
KANNUR-MUMBAI,KANNUR,MUMBAI,57905.0,0.000589
BENGALURU-JABALPUR,BENGALURU,JABALPUR,57619.0,0.000586
KOLHAPUR-MUMBAI,KOLHAPUR,MUMBAI,56352.0,0.000573
HYDERABAD-MANGALORE,HYDERABAD,MANGALORE,55975.0,0.000569
ITANAGAR-KOLKATA,ITANAGAR,KOLKATA,55276.0,0.000562
HIRASAR-HYDERABAD,HIRASAR,HYDERABAD,54780.0,0.000557
CHENNAI-RAIPUR,CHENNAI,RAIPUR,54637.0,0.000556
DEHRADUN-PUNE,DEHRADUN,PUNE,54308.0,0.000552
GUWAHATI-LUCKNOW,GUWAHATI,LUCKNOW,54058.0,0.00055
AHMEDABAD-AYODHYA,AHMEDABAD,AYODHYA,54008.0,0.000549
CHENNAI-VIJAYWADA,CHENNAI,VIJAYWADA,53676.0,0.000546
AHMEDABAD-NAGPUR,AHMEDABAD,NAGPUR,53369.0,0.000543
CHENNAI-DURGAPUR,CHENNAI,DURGAPUR,53227.0,0.000541
GHAZIABAD-KOLKATA,GHAZIABAD,KOLKATA,52686.0,0.000536
DARBHANGA-HYDERABAD,DARBHANGA,HYDERABAD,52248.0,0.000531
CHENNAI-LUCKNOW,CHENNAI,LUCKNOW,51338.0,0.000522
JODHPUR-PUNE,JODHPUR,PUNE,51248.0,0.000521
BAGDOGRA-IMPHAL,BAGDOGRA,IMPHAL,50432.0,0.000513
AGARTALA-BENGALURU,AGARTALA,BENGALURU,50023.0,0.000509
BENGALURU-DARBHANGA,BENGALURU,DARBHANGA,49720.0,0.000506
CHANDIGARH-PATNA,CHANDIGARH,PATNA,49706.0,0.000505
INDORE-JAIPUR,INDORE,JAIPUR,49586.0,0.000504
HUBLI-MUMBAI,HUBLI,MUMBAI,49461.0,0.000503
BELGAUM-BENGALURU,BELGAUM,BENGALURU,48990.0,0.000498
DELHI-TIRUCHIRAPPALLI,DELHI,TIRUCHIRAPPALLI,48015.0,0.000488
AGARTALA-BAGDOGRA,AGARTALA,BAGDOGRA,47747.0,0.000486
AYODHYA-BENGALURU,AYODHYA,BENGALURU,47721.0,0.000485
CHENNAI-GHAZIABAD,CHENNAI,GHAZIABAD,47548.0,0.000483
DELHI-TIRUPATI,DELHI,TIRUPATI,47420.0,0.000482
AGARTALA-HYDERABAD,AGARTALA,HYDERABAD,47326.0,0.000481
GAYA-KOLKATA,GAYA,KOLKATA,46884.0,0.000477
JHARSUGUDA-MUMBAI,JHARSUGUDA,MUMBAI,46933.0,0.000477
DELHI-PANTNAGAR,DELHI,PANTNAGAR,46635.0,0.000474
HYDERABAD-SHIVAMOGGA,HYDERABAD,SHIVAMOGGA,46427.0,0.000472
JAMMU-MUMBAI,JAMMU,MUMBAI,45624.0,0.000464
LUCKNOW-PATNA,LUCKNOW,PATNA,45432.0,0.000462
DEHRADUN-LUCKNOW,DEHRADUN,LUCKNOW,43965.0,0.000447
AHMEDABAD-AMRITSAR,AHMEDABAD,AMRITSAR,43643.0,0.000444
ALLAHABAD-BENGALURU,ALLAHABAD,BENGALURU,43172.0,0.000439
DELHI-GWALIOR,DELHI,GWALIOR,42288.0,0.00043
BENGALURU-GWALIOR,BENGALURU,GWALIOR,41993.0,0.000427
KOLKATA-PURNEA,KOLKATA,PURNEA,41921.0,0.000426
JAIPUR-UDAIPUR,JAIPUR,UDAIPUR,41921.0,0.000426
GORAKHPUR-KOLKATA,GORAKHPUR,KOLKATA,41428.0,0.000421
AHMEDABAD-BHOPAL,AHMEDABAD,BHOPAL,41297.0,0.00042
DELHI-RAJAHMUNDRY,DELHI,RAJAHMUNDRY,41158.0,0.000419
BHUBANESWAR-PATNA,BHUBANESWAR,PATNA,40509.0,0.000412
BAREILLY-MUMBAI,BAREILLY,MUMBAI,39554.0,0.000402
BHUBANESWAR-RAIPUR,BHUBANESWAR,RAIPUR,39522.0,0.000402
BENGALURU-KANPUR,BENGALURU,KANPUR,39335.0,0.0004
GHAZIABAD-VARANASI,GHAZIABAD,VARANASI,39122.0,0.000398
HUBLI-HYDERABAD,HUBLI,HYDERABAD,38602.0,0.000393
BHOPAL-HYDERABAD,BHOPAL,HYDERABAD,38570.0,0.000392
PATNA-RANCHI,PATNA,RANCHI,38375.0,0.00039
DURGAPUR-MUMBAI,DURGAPUR,MUMBAI,38309.0,0.00039
DELHI-JORHAT,DELHI,JORHAT,37132.0,0.000378
BENGALURU-JAMMU,BENGALURU,JAMMU,37154.0,0.000378
LUCKNOW-RAIPUR,LUCKNOW,RAIPUR,36986.0,0.000376
HYDERABAD-NASHIK,HYDERABAD,NASHIK,36699.0,0.000373
AYODHYA-HYDERABAD,AYODHYA,HYDERABAD,36558.0,0.000372
KOLKATA-SHILLONG,KOLKATA,SHILLONG,36562.0,0.000372
AHMEDABAD-JAMMU,AHMEDABAD,JAMMU,36194.0,0.000368
HIRASAR-PUNE,HIRASAR,PUNE,34841.0,0.000354
AHMEDABAD-PURNEA,AHMEDABAD,PURNEA,34668.0,0.000353
AHMEDABAD-COIMBATORE,AHMEDABAD,COIMBATORE,34215.0,0.000348
PUNE-SURAT,PUNE,SURAT,34240.0,0.000348
MUMBAI-TIRUCHIRAPPALLI,MUMBAI,TIRUCHIRAPPALLI,34193.0,0.000348
CHENNAI-SURAT,CHENNAI,SURAT,33848.0,0.000344
CHENNAI-KOZHIKODE,CHENNAI,KOZHIKODE,33780.0,0.000343
DEHRADUN-KOLKATA,DEHRADUN,KOLKATA,33419.0,0.00034
DEHRADUN-JAIPUR,DEHRADUN,JAIPUR,32587.0,0.000331
BENGALURU-JAISALMER,BENGALURU,JAISALMER,32480.0,0.00033
JAMMU-LEH,JAMMU,LEH,32021.0,0.000326
GHAZIABAD-NANDED,GHAZIABAD,NANDED,31983.0,0.000325
LEH-MUMBAI,LEH,MUMBAI,31682.0,0.000322
AHMEDABAD-DIU,AHMEDABAD,DIU,31321.0,0.000318
JAIPUR-LUCKNOW,JAIPUR,LUCKNOW,31251.0,0.000318
BENGALURU-PONDICHERRY,BENGALURU,PONDICHERRY,31033.0,0.000316
PUNE-VADODARA,PUNE,VADODARA,30694.0,0.000312
AURANGABAD-BENGALURU,AURANGABAD,BENGALURU,30589.0,0.000311
HYDERABAD-MYSORE,HYDERABAD,MYSORE,30474.0,0.00031
HYDERABAD-KANPUR,HYDERABAD,KANPUR,30277.0,0.000308
BAREILLY-BENGALURU,BAREILLY,BENGALURU,30229.0,0.000307
BHOPAL-GOA,BHOPAL,GOA,30002.0,0.000305
HYDERABAD-KOLHAPUR,HYDERABAD,KOLHAPUR,29978.0,0.000305
COIMBATORE-GOA,COIMBATORE,GOA,29719.0,0.000302
AGRA-MUMBAI,AGRA,MUMBAI,29525.0,0.0003
MUMBAI-PORT BLAIR,MUMBAI,PORT BLAIR,29232.0,0.000297
BENGALURU-TUTICORIN,BENGALURU,TUTICORIN,29236.0,0.000297
ALLAHABAD-HYDERABAD,ALLAHABAD,HYDERABAD,29080.0,0.000296
BENGALURU-RAJAHMUNDRY,BENGALURU,RAJAHMUNDRY,29100.0,0.000296
INDORE-LUCKNOW,INDORE,LUCKNOW,29037.0,0.000295
AURANGABAD-HYDERABAD,AURANGABAD,HYDERABAD,28857.0,0.000293
AHMEDABAD-NASHIK,AHMEDABAD,NASHIK,28585.0,0.000291
HYDERABAD-PONDICHERRY,HYDERABAD,PONDICHERRY,28564.0,0.00029
HYDERABAD-JAGDALPUR,HYDERABAD,JAGDALPUR,28361.0,0.000288
DEOGHAR-MUMBAI,DEOGHAR,MUMBAI,28260.0,0.000287
BHOPAL-RAIPUR,BHOPAL,RAIPUR,28046.0,0.000285
HYDERABAD-JABALPUR,HYDERABAD,JABALPUR,27936.0,0.000284
GOA-VADODARA,GOA,VADODARA,27554.0,0.00028
BENGALURU-SALEM,BENGALURU,SALEM,27219.0,0.000277
TIRUPATI-VISHAKHAPATNAM,TIRUPATI,VISHAKHAPATNAM,27217.0,0.000277
BENGALURU-TIRUPATI,BENGALURU,TIRUPATI,27081.0,0.000275
AHMEDABAD-GHAZIABAD,AHMEDABAD,GHAZIABAD,27038.0,0.000275
DELHI-LUDHIANA,DELHI,LUDHIANA,26853.0,0.000273
BENGALURU-KOLHAPUR,BENGALURU,KOLHAPUR,26824.0,0.000273
KANNUR-THIRUVANANTHAPURAM,KANNUR,THIRUVANANTHAPURAM,26518.0,0.00027
BHUBANESWAR-LUCKNOW,BHUBANESWAR,LUCKNOW,26231.0,0.000267
GAUTAM BUDDHA NAGAR-MUMBAI,GAUTAM BUDDHA NAGAR,MUMBAI,26119.0,0.000266
BELGAUM-HYDERABAD,BELGAUM,HYDERABAD,26197.0,0.000266
JHARSUGUDA-KOLKATA,JHARSUGUDA,KOLKATA,25944.0,0.000264
GOA-HIRASAR,GOA,HIRASAR,25895.0,0.000263
INDORE-NAGPUR,INDORE,NAGPUR,25886.0,0.000263
MUMBAI-RAJAHMUNDRY,MUMBAI,RAJAHMUNDRY,25725.0,0.000262
DELHI-KHAJURAHO,DELHI,KHAJURAHO,25738.0,0.000262
BIKANER-DELHI,BIKANER,DELHI,25584.0,0.00026
CHENNAI-MYSORE,CHENNAI,MYSORE,25381.0,0.000258
CHENNAI-MANGALORE,CHENNAI,MANGALORE,25419.0,0.000258
JAISALMER-MUMBAI,JAISALMER,MUMBAI,25236.0,0.000257
HYDERABAD-KANNUR,HYDERABAD,KANNUR,24954.0,0.000254
CHENNAI-RAJAHMUNDRY,CHENNAI,RAJAHMUNDRY,24911.0,0.000253
CHANDIGARH-LEH,CHANDIGARH,LEH,24713.0,0.000251
CHENNAI-SALEM,CHENNAI,SALEM,24575.0,0.00025
AGRA-HYDERABAD,AGRA,HYDERABAD,24563.0,0.00025
BHUBANESWAR-KOCHI,BHUBANESWAR,KOCHI,24365.0,0.000248
KOLKATA-SRINAGAR,KOLKATA,SRINAGAR,24268.0,0.000247
CUDDAPAH-HYDERABAD,CUDDAPAH,HYDERABAD,24332.0,0.000247
GOA-JALGAON,GOA,JALGAON,24334.0,0.000247
DIU-MUMBAI,DIU,MUMBAI,24184.0,0.000246
BENGALURU-NANDED,BENGALURU,NANDED,23802.0,0.000242
HYDERABAD-JAMMU,HYDERABAD,JAMMU,23362.0,0.000238
JALGAON-PUNE,JALGAON,PUNE,23053.0,0.000234
INDORE-JABALPUR,INDORE,JABALPUR,22856.0,0.000232
AHMEDABAD-NANDED,AHMEDABAD,NANDED,22310.0,0.000227
KOCHI-THIRUVANANTHAPURAM,KOCHI,THIRUVANANTHAPURAM,22253.0,0.000226
GHAZIABAD-PATNA,GHAZIABAD,PATNA,22080.0,0.000225
AGATTI ISLAND-GOA,AGATTI ISLAND,GOA,22103.0,0.000225
KISHANGARH-PUNE,KISHANGARH,PUNE,21747.0,0.000221
HYDERABAD-JALGAON,HYDERABAD,JALGAON,21705.0,0.000221
HYDERABAD-MALVAN,HYDERABAD,MALVAN,21534.0,0.000219
PORT BLAIR-VISHAKHAPATNAM,PORT BLAIR,VISHAKHAPATNAM,21545.0,0.000219
BAGDOGRA-GUWAHATI,BAGDOGRA,GUWAHATI,21373.0,0.000217
BHUBANESWAR-RANCHI,BHUBANESWAR,RANCHI,21267.0,0.000216
MALVAN-PUNE,MALVAN,PUNE,21216.0,0.000216
AMRITSAR-KOLKATA,AMRITSAR,KOLKATA,21170.0,0.000215
DIU-SURAT,DIU,SURAT,20839.0,0.000212
ADAMPUR-GHAZIABAD,ADAMPUR,GHAZIABAD,20492.0,0.000208
BHUBANESWAR-VARANASI,BHUBANESWAR,VARANASI,20166.0,0.000205
INDORE-REWA,INDORE,REWA,19713.0,0.0002
AGARTALA-IMPHAL,AGARTALA,IMPHAL,19562.0,0.000199
BAGDOGRA-PUNE,BAGDOGRA,PUNE,19516.0,0.000198
BENGALURU-MALVAN,BENGALURU,MALVAN,19132.0,0.000195
HYDERABAD-JHARSUGUDA,HYDERABAD,JHARSUGUDA,19043.0,0.000194
AHMEDABAD-KISHANGARH,AHMEDABAD,KISHANGARH,18917.0,0.000192
BELGAUM-MUMBAI,BELGAUM,MUMBAI,18753.0,0.000191
HYDERABAD-NANDED,HYDERABAD,NANDED,18763.0,0.000191
NANDED-PUNE,NANDED,PUNE,18533.0,0.000188
KISHANGARH-NAGPUR,KISHANGARH,NAGPUR,18513.0,0.000188
GOA-SHIVAMOGGA,GOA,SHIVAMOGGA,18414.0,0.000187
BHAVNAGAR-MUMBAI,BHAVNAGAR,MUMBAI,18412.0,0.000187
SHIVAMOGGA-TIRUPATI,SHIVAMOGGA,TIRUPATI,17703.0,0.00018
AMRITSAR-HYDERABAD,AMRITSAR,HYDERABAD,17540.0,0.000178
AHMEDABAD-JODHPUR,AHMEDABAD,JODHPUR,16963.0,0.000172
LUCKNOW-RANCHI,LUCKNOW,RANCHI,16582.0,0.000169
BENGALURU-VIDYANAGAR,BENGALURU,VIDYANAGAR,16311.0,0.000166
BHUBANESWAR-VISHAKHAPATNAM,BHUBANESWAR,VISHAKHAPATNAM,16259.0,0.000165
CHENNAI-KANNUR,CHENNAI,KANNUR,15995.0,0.000163
KANNUR-KOCHI,KANNUR,KOCHI,15948.0,0.000162
BHUBANESWAR-INDORE,BHUBANESWAR,INDORE,15527.0,0.000158
HYDERABAD-SALEM,HYDERABAD,SALEM,15524.0,0.000158
BENGALURU-GAUTAM BUDDHA NAGAR,BENGALURU,GAUTAM BUDDHA NAGAR,15244.0,0.000155
JAMNAGAR-SURAT,JAMNAGAR,SURAT,15069.0,0.000153
HUBLI-PUNE,HUBLI,PUNE,14699.0,0.000149
DELHI-SILCHAR,DELHI,SILCHAR,14690.0,0.000149
INDORE-JAMMU,INDORE,JAMMU,14357.0,0.000146
BHUBANESWAR-CHANDIGARH,BHUBANESWAR,CHANDIGARH,14106.0,0.000143
PUNE-THIRUVANANTHAPURAM,PUNE,THIRUVANANTHAPURAM,13976.0,0.000142
BHUBANESWAR-JHARSUGUDA,BHUBANESWAR,JHARSUGUDA,13459.0,0.000137
BENGALURU-BIDAR,BENGALURU,BIDAR,13149.0,0.000134
TIRUPATI-VIJAYWADA,TIRUPATI,VIJAYWADA,12972.0,0.000132
KHAJURAHO-VARANASI,KHAJURAHO,VARANASI,12854.0,0.000131
CHANDIGARH-DHARAMSALA,CHANDIGARH,DHARAMSALA,12700.0,0.000129
LEH-SRINAGAR,LEH,SRINAGAR,12619.0,0.000128
GOA-NASHIK,GOA,NASHIK,12565.0,0.000128
CHANDIGARH-GUWAHATI,CHANDIGARH,GUWAHATI,12485.0,0.000127
BENGALURU-SHIVAMOGGA,BENGALURU,SHIVAMOGGA,12409.0,0.000126
DIU-GOA,DIU,GOA,12283.0,0.000125
DARBHANGA-KOLKATA,DARBHANGA,KOLKATA,12187.0,0.000124
BHUBANESWAR-GOA,BHUBANESWAR,GOA,12096.0,0.000123
GAUTAM BUDDHA NAGAR-HYDERABAD,GAUTAM BUDDHA NAGAR,HYDERABAD,11959.0,0.000122
ALLAHABAD-BHUBANESWAR,ALLAHABAD,BHUBANESWAR,12031.0,0.000122
GOA-NANDED,GOA,NANDED,11915.0,0.000121
BHUBANESWAR-DEHRADUN,BHUBANESWAR,DEHRADUN,11792.0,0.00012
AGRA-AHMEDABAD,AGRA,AHMEDABAD,11615.0,0.000118
AHMEDABAD-JAMNAGAR,AHMEDABAD,JAMNAGAR,11347.0,0.000115
KOCHI-SALEM,KOCHI,SALEM,11236.0,0.000114
AMRAVATI-MUMBAI,AMRAVATI,MUMBAI,10985.0,0.000112
DELHI-REWA,DELHI,REWA,10838.0,0.00011
IMPHAL-SHILLONG,IMPHAL,SHILLONG,10216.0,0.000104
AHMEDABAD-BELGAUM,AHMEDABAD,BELGAUM,10006.0,0.000102
MUMBAI-SOLAPUR,MUMBAI,SOLAPUR,9947.0,0.000101
JAIPUR-JAISALMER,JAIPUR,JAISALMER,9720.0,9.9e-05
JALGAON-MUMBAI,JALGAON,MUMBAI,9502.0,9.7e-05
JAIPUR-NAGPUR,JAIPUR,NAGPUR,9513.0,9.7e-05
AURANGABAD-GOA,AURANGABAD,GOA,9293.0,9.4e-05
CHENNAI-SHIVAMOGGA,CHENNAI,SHIVAMOGGA,9285.0,9.4e-05
RAIPUR-VISHAKHAPATNAM,RAIPUR,VISHAKHAPATNAM,9105.0,9.3e-05
MANGALORE-THIRUVANANTHAPURAM,MANGALORE,THIRUVANANTHAPURAM,9091.0,9.2e-05
KANDLA-MUMBAI,KANDLA,MUMBAI,8957.0,9.1e-05
AGATTI ISLAND-BENGALURU,AGATTI ISLAND,BENGALURU,8902.0,9.1e-05
GONDIA-HYDERABAD,GONDIA,HYDERABAD,8849.0,9e-05
GOA-SOLAPUR,GOA,SOLAPUR,8739.0,8.9e-05
KOLKATA-LILABARI,KOLKATA,LILABARI,8610.0,8.8e-05
AGARTALA-DIBRUGARH,AGARTALA,DIBRUGARH,8631.0,8.8e-05
DELHI-SHILLONG,DELHI,SHILLONG,8505.0,8.6e-05
AHMEDABAD-JALGAON,AHMEDABAD,JALGAON,8318.0,8.5e-05
CHENNAI-DEHRADUN,CHENNAI,DEHRADUN,8326.0,8.5e-05
DEOGHAR-KOLKATA,DEOGHAR,KOLKATA,7653.0,7.8e-05
JAIPUR-JODHPUR,JAIPUR,JODHPUR,7699.0,7.8e-05
NAGPUR-NANDED,NAGPUR,NANDED,7530.0,7.7e-05
BENGALURU-IMPHAL,BENGALURU,IMPHAL,7070.0,7.2e-05
JAIPUR-KOCHI,JAIPUR,KOCHI,6853.0,7e-05
VARANASI-VISHAKHAPATNAM,VARANASI,VISHAKHAPATNAM,6860.0,7e-05
DIMAPUR-IMPHAL,DIMAPUR,IMPHAL,6611.0,6.7e-05
CHANDIGARH-JAMMU,CHANDIGARH,JAMMU,6633.0,6.7e-05
KOCHI-KOZHIKODE,KOCHI,KOZHIKODE,6390.0,6.5e-05
INDORE-UDAIPUR,INDORE,UDAIPUR,6203.0,6.3e-05
CHENNAI-CUDDAPAH,CHENNAI,CUDDAPAH,6170.0,6.3e-05
MUMBAI-NANDED,MUMBAI,NANDED,6106.0,6.2e-05
BATHINDA-DELHI,BATHINDA,DELHI,6051.0,6.2e-05
COIMBATORE-GUWAHATI,COIMBATORE,GUWAHATI,6107.0,6.2e-05
AGARTALA-SILCHAR,AGARTALA,SILCHAR,5962.0,6.1e-05
THIRUVANANTHAPURAM-TIRUCHIRAPPALLI,THIRUVANANTHAPURAM,TIRUCHIRAPPALLI,5996.0,6.1e-05
KOCHI-VARANASI,KOCHI,VARANASI,6032.0,6.1e-05
BHUBANESWAR-JEYPORE,BHUBANESWAR,JEYPORE,5873.0,6e-05
GAUTAM BUDDHA NAGAR-LUCKNOW,GAUTAM BUDDHA NAGAR,LUCKNOW,5770.0,5.9e-05
GAUTAM BUDDHA NAGAR-JAMMU,GAUTAM BUDDHA NAGAR,JAMMU,5769.0,5.9e-05
DELHI-KULLU,DELHI,KULLU,5655.0,5.8e-05
BENGALURU-SILCHAR,BENGALURU,SILCHAR,5637.0,5.7e-05
KOCHI-RAIPUR,KOCHI,RAIPUR,5507.0,5.6e-05
GUWAHATI-KOCHI,GUWAHATI,KOCHI,5519.0,5.6e-05
GUWAHATI-TEZU,GUWAHATI,TEZU,5340.0,5.4e-05
BILASPUR-DELHI,BILASPUR,DELHI,5255.0,5.3e-05
CHANDIGARH-UDAIPUR,CHANDIGARH,UDAIPUR,5074.0,5.2e-05
COIMBATORE-SHIRDI,COIMBATORE,SHIRDI,5082.0,5.2e-05
BELGAUM-JAIPUR,BELGAUM,JAIPUR,5058.0,5.1e-05
KOCHI-KOLKATA,KOCHI,KOLKATA,5001.0,5.1e-05
BENGALURU-GULBARGA,BENGALURU,GULBARGA,4939.0,5e-05
DELHI-JAGDALPUR,DELHI,JAGDALPUR,4681.0,4.8e-05
KISHANGARH-LUCKNOW,KISHANGARH,LUCKNOW,4728.0,4.8e-05
IMPHAL-TEZU,IMPHAL,TEZU,4612.0,4.7e-05
BHUBANESWAR-DURGAPUR,BHUBANESWAR,DURGAPUR,4635.0,4.7e-05
MUMBAI-PORBANDAR,MUMBAI,PORBANDAR,4489.0,4.6e-05
GAUTAM BUDDHA NAGAR-JAIPUR,GAUTAM BUDDHA NAGAR,JAIPUR,4487.0,4.6e-05
GAUTAM BUDDHA NAGAR-SRINAGAR,GAUTAM BUDDHA NAGAR,SRINAGAR,4422.0,4.5e-05
AMRITSAR-GAUTAM BUDDHA NAGAR,AMRITSAR,GAUTAM BUDDHA NAGAR,4463.0,4.5e-05
BENGALURU-DIBRUGARH,BENGALURU,DIBRUGARH,4194.0,4.3e-05
BAGDOGRA-BHUBANESWAR,BAGDOGRA,BHUBANESWAR,4094.0,4.2e-05
DELHI-PITHORAGARH,DELHI,PITHORAGARH,4069.0,4.1e-05
CHENNAI-VADODARA,CHENNAI,VADODARA,4049.0,4.1e-05
KURNOOL-VIJAYWADA,KURNOOL,VIJAYWADA,3930.0,4e-05
KURNOOL-VISHAKHAPATNAM,KURNOOL,VISHAKHAPATNAM,3960.0,4e-05
AMRITSAR-KOCHI,AMRITSAR,KOCHI,3549.0,3.6e-05
RAJAHMUNDRY-TIRUPATI,RAJAHMUNDRY,TIRUPATI,3441.0,3.5e-05
CUDDAPAH-VIJAYWADA,CUDDAPAH,VIJAYWADA,3403.0,3.5e-05
GHAZIABAD-KISHANGARH,GHAZIABAD,KISHANGARH,3443.0,3.5e-05
IMPHAL-JAIPUR,IMPHAL,JAIPUR,3320.0,3.4e-05
KOLKATA-RUPSI,KOLKATA,RUPSI,3359.0,3.4e-05
DEHRADUN-GUWAHATI,DEHRADUN,GUWAHATI,3297.0,3.4e-05
AHMEDABAD-DIBRUGARH,AHMEDABAD,DIBRUGARH,3202.0,3.3e-05
BHUBANESWAR-PORT BLAIR,BHUBANESWAR,PORT BLAIR,3250.0,3.3e-05
KOCHI-VADODARA,KOCHI,VADODARA,3279.0,3.3e-05
BENGALURU-KURNOOL,BENGALURU,KURNOOL,3169.0,3.2e-05
MUMBAI-MUNDRA,MUMBAI,MUNDRA,3110.0,3.2e-05
BHUJ-SURAT,BHUJ,SURAT,3175.0,3.2e-05
AYODHYA-HISAR,AYODHYA,HISAR,3126.0,3.2e-05
JAIPUR-KULLU,JAIPUR,KULLU,3104.0,3.2e-05
INDORE-NASHIK,INDORE,NASHIK,3182.0,3.2e-05
KOCHI-PATNA,KOCHI,PATNA,3054.0,3.1e-05
AGARTALA-CHENNAI,AGARTALA,CHENNAI,2927.0,3e-05
AHMEDABAD-KOLHAPUR,AHMEDABAD,KOLHAPUR,2857.0,2.9e-05
HYDERABAD-SOLAPUR,HYDERABAD,SOLAPUR,2836.0,2.9e-05
RAIPUR-REWA,RAIPUR,REWA,2730.0,2.8e-05
ALLAHABAD-BILASPUR,ALLAHABAD,BILASPUR,2789.0,2.8e-05
DEHRADUN-INDORE,DEHRADUN,INDORE,2788.0,2.8e-05
BILASPUR-KOLKATA,BILASPUR,KOLKATA,2713.0,2.8e-05
GOA-MUNDRA,GOA,MUNDRA,2675.0,2.7e-05
BHUBANESWAR-UTKELA,BHUBANESWAR,UTKELA,2648.0,2.7e-05
CHANDIGARH-KOCHI,CHANDIGARH,KOCHI,2505.0,2.5e-05
GUWAHATI-PASIGHAT,GUWAHATI,PASIGHAT,2453.0,2.5e-05
ADAMPUR-NANDED,ADAMPUR,NANDED,2479.0,2.5e-05
KOCHI-LUCKNOW,KOCHI,LUCKNOW,2400.0,2.4e-05
GUWAHATI-ITANAGAR,GUWAHATI,ITANAGAR,2342.0,2.4e-05
AMBIKAPUR-BILASPUR,AMBIKAPUR,BILASPUR,2127.0,2.2e-05
AIZAWL-SHILLONG,AIZAWL,SHILLONG,2189.0,2.2e-05
BHOPAL-GAUTAM BUDDHA NAGAR,BHOPAL,GAUTAM BUDDHA NAGAR,2026.0,2.1e-05
DELHI-SHIMLA,DELHI,SHIMLA,2015.0,2e-05
DHARAMSALA-GAUTAM BUDDHA NAGAR,DHARAMSALA,GAUTAM BUDDHA NAGAR,2015.0,2e-05
DELHI-KISHANGARH,DELHI,KISHANGARH,2009.0,2e-05
BAGDOGRA-DURGAPUR,BAGDOGRA,DURGAPUR,1897.0,1.9e-05
DEHRADUN-PITHORAGARH,DEHRADUN,PITHORAGARH,1916.0,1.9e-05
AHMEDABAD-KESHOD,AHMEDABAD,KESHOD,1911.0,1.9e-05
COIMBATORE-VISHAKHAPATNAM,COIMBATORE,VISHAKHAPATNAM,1838.0,1.9e-05
GONDIA-INDORE,GONDIA,INDORE,1896.0,1.9e-05
KOLHAPUR-TIRUPATI,KOLHAPUR,TIRUPATI,1891.0,1.9e-05
AHMEDABAD-VISHAKHAPATNAM,AHMEDABAD,VISHAKHAPATNAM,1880.0,1.9e-05
AGATTI ISLAND-KOZHIKODE,AGATTI ISLAND,KOZHIKODE,1749.0,1.8e-05
GAUTAM BUDDHA NAGAR-JODHPUR,GAUTAM BUDDHA NAGAR,JODHPUR,1721.0,1.7e-05
AMBIKAPUR-DELHI,AMBIKAPUR,DELHI,1666.0,1.7e-05
GAUTAM BUDDHA NAGAR-PANTNAGAR,GAUTAM BUDDHA NAGAR,PANTNAGAR,1656.0,1.7e-05
JHARSUGUDA-LUCKNOW,JHARSUGUDA,LUCKNOW,1665.0,1.7e-05
BIKANER-JAIPUR,BIKANER,JAIPUR,1697.0,1.7e-05
JAGDALPUR-RAIPUR,JAGDALPUR,RAIPUR,1615.0,1.6e-05
COIMBATORE-JAIPUR,COIMBATORE,JAIPUR,1613.0,1.6e-05
JAIPUR-NASHIK,JAIPUR,NASHIK,1508.0,1.5e-05
BAREILLY-DELHI,BAREILLY,DELHI,1475.0,1.5e-05
IMPHAL-MUMBAI,IMPHAL,MUMBAI,1497.0,1.5e-05
JABALPUR-JAGDALPUR,JABALPUR,JAGDALPUR,1346.0,1.4e-05
JEYPORE-VISHAKHAPATNAM,JEYPORE,VISHAKHAPATNAM,1240.0,1.3e-05
MUNDRA-SURAT,MUNDRA,SURAT,1255.0,1.3e-05
AMRITSAR-KULLU,AMRITSAR,KULLU,1256.0,1.3e-05
BHUBANESWAR-DIMAPUR,BHUBANESWAR,DIMAPUR,1287.0,1.3e-05
INDORE-VISHAKHAPATNAM,INDORE,VISHAKHAPATNAM,1275.0,1.3e-05
DURGAPUR-VARANASI,DURGAPUR,VARANASI,1144.0,1.2e-05
AMRITSAR-GUWAHATI,AMRITSAR,GUWAHATI,1154.0,1.2e-05
BILASPUR-JABALPUR,BILASPUR,JABALPUR,1088.0,1.1e-05
GHAZIABAD-MUNDRA,GHAZIABAD,MUNDRA,1127.0,1.1e-05
BAREILLY-GAUTAM BUDDHA NAGAR,BAREILLY,GAUTAM BUDDHA NAGAR,1130.0,1.1e-05
BHUBANESWAR-JAMMU,BHUBANESWAR,JAMMU,941.0,1e-05
AHMEDABAD-DURGAPUR,AHMEDABAD,DURGAPUR,1004.0,1e-05
AMRITSAR-CHENNAI,AMRITSAR,CHENNAI,1019.0,1e-05
DEHRADUN-KULLU,DEHRADUN,KULLU,1032.0,1e-05
AIZAWL-LUCKNOW,AIZAWL,LUCKNOW,893.0,9e-06
GAUTAM BUDDHA NAGAR-KISHANGARH,GAUTAM BUDDHA NAGAR,KISHANGARH,839.0,9e-06
BHUBANESWAR-JAMSHEDPUR,BHUBANESWAR,JAMSHEDPUR,890.0,9e-06
CHENNAI-JAMMU,CHENNAI,JAMMU,894.0,9e-06
MUMBAI-SURAT,MUMBAI,SURAT,765.0,8e-06
CHENNAI-KANPUR,CHENNAI,KANPUR,793.0,8e-06
COIMBATORE-KOLKATA,COIMBATORE,KOLKATA,760.0,8e-06
AGARTALA-AHMEDABAD,AGARTALA,AHMEDABAD,823.0,8e-06
AMBIKAPUR-KOLKATA,AMBIKAPUR,KOLKATA,818.0,8e-06
AGARTALA-JAIPUR,AGARTALA,JAIPUR,830.0,8e-06
BHUBANESWAR-ROURKELA,BHUBANESWAR,ROURKELA,757.0,8e-06
HISAR-JAIPUR,HISAR,JAIPUR,712.0,7e-06
AHMEDABAD-PORT BLAIR,AHMEDABAD,PORT BLAIR,680.0,7e-06
GUWAHATI-RUPSI,GUWAHATI,RUPSI,723.0,7e-06
COIMBATORE-DURGAPUR,COIMBATORE,DURGAPUR,636.0,6e-06
COIMBATORE-VARANASI,COIMBATORE,VARANASI,593.0,6e-06
PASIGHAT-SHILLONG,PASIGHAT,SHILLONG,631.0,6e-06
CHANDIGARH-HISAR,CHANDIGARH,HISAR,531.0,5e-06
BHOPAL-INDORE,BHOPAL,INDORE,501.0,5e-06
BHUBANESWAR-JAIPUR,BHUBANESWAR,JAIPUR,357.0,4e-06
DHARAMSALA-SHIMLA,DHARAMSALA,SHIMLA,356.0,4e-06
AURANGABAD-COIMBATORE,AURANGABAD,COIMBATORE,367.0,4e-06
DEHRADUN-GAUTAM BUDDHA NAGAR,DEHRADUN,GAUTAM BUDDHA NAGAR,326.0,3e-06
DIU-KESHOD,DIU,KESHOD,255.0,3e-06
GORAKHPUR-PUNE,GORAKHPUR,PUNE,317.0,3e-06
AHMEDABAD-SURAT,AHMEDABAD,SURAT,331.0,3e-06
GUWAHATI-THIRUVANANTHAPURAM,GUWAHATI,THIRUVANANTHAPURAM,342.0,3e-06
COIMBATORE-NASHIK,COIMBATORE,NASHIK,272.0,3e-06
AHMEDABAD-VADODARA,AHMEDABAD,VADODARA,318.0,3e-06
DELHI-HISAR,DELHI,HISAR,319.0,3e-06
BAGDOGRA-CHANDIGARH,BAGDOGRA,CHANDIGARH,205.0,2e-06
AMRITSAR-JAIPUR,AMRITSAR,JAIPUR,192.0,2e-06
DARBHANGA-PATNA,DARBHANGA,PATNA,155.0,2e-06
RAJAHMUNDRY-VISHAKHAPATNAM,RAJAHMUNDRY,VISHAKHAPATNAM,176.0,2e-06
LUCKNOW-VARANASI,LUCKNOW,VARANASI,200.0,2e-06
MUMBAI-NASHIK,MUMBAI,NASHIK,174.0,2e-06
GORAKHPUR-VIJAYWADA,GORAKHPUR,VIJAYWADA,182.0,2e-06
DAMAN-DELHI,DAMAN,DELHI,166.0,2e-06
GORAKHPUR-VARANASI,GORAKHPUR,VARANASI,159.0,2e-06
BHOPAL-LUCKNOW,BHOPAL,LUCKNOW,152.0,2e-06
DEHRADUN-RANCHI,DEHRADUN,RANCHI,152.0,2e-06
BAREILLY-COIMBATORE,BAREILLY,COIMBATORE,153.0,2e-06
DURGAPUR-TIRUPATI,DURGAPUR,TIRUPATI,175.0,2e-06
JABALPUR-RANCHI,JABALPUR,RANCHI,173.0,2e-06
DEOGHAR-JAIPUR,DEOGHAR,JAIPUR,155.0,2e-06
JHARSUGUDA-RAIPUR,JHARSUGUDA,RAIPUR,229.0,2e-06
GHAZIABAD-NAGPUR,GHAZIABAD,NAGPUR,168.0,2e-06
GORAKHPUR-GUWAHATI,GORAKHPUR,GUWAHATI,209.0,2e-06
PONDICHERRY-RAJAHMUNDRY,PONDICHERRY,RAJAHMUNDRY,225.0,2e-06
PATNA-VARANASI,PATNA,VARANASI,168.0,2e-06
AHMEDABAD-JABALPUR,AHMEDABAD,JABALPUR,175.0,2e-06
AHMEDABAD-UDAIPUR,AHMEDABAD,UDAIPUR,175.0,2e-06
JAIPUR-VADODARA,JAIPUR,VADODARA,172.0,2e-06
AIZAWL-SILCHAR,AIZAWL,SILCHAR,153.0,2e-06
AHMEDABAD-BHUJ,AHMEDABAD,BHUJ,186.0,2e-06
CHANDIGARH-GAUTAM BUDDHA NAGAR,CHANDIGARH,GAUTAM BUDDHA NAGAR,71.0,1e-06
MUMBAI-MUMBAI,MUMBAI,MUMBAI,140.0,1e-06
BILASPUR-REWA,BILASPUR,REWA,58.0,1e-06
MUMBAI-PUNE,MUMBAI,PUNE,85.0,1e-06
PUNE-UDAIPUR,PUNE,UDAIPUR,138.0,1e-06
CHANDIGARH-NANDED,CHANDIGARH,NANDED,59.0,1e-06
BIKANER-MUMBAI,BIKANER,MUMBAI,60.0,1e-06
AGARTALA-BHUBANESWAR,AGARTALA,BHUBANESWAR,52.0,1e-06
HISAR-NANDED,HISAR,NANDED,61.0,1e-06
GUWAHATI-PATNA,GUWAHATI,PATNA,133.0,1e-06
DURGAPUR-KOLKATA,DURGAPUR,KOLKATA,135.0,1e-06
JAMSHEDPUR-KOLKATA,JAMSHEDPUR,KOLKATA,110.0,1e-06
GUWAHATI-RAIPUR,GUWAHATI,RAIPUR,76.0,1e-06
BHUBANESWAR-ITANAGAR,BHUBANESWAR,ITANAGAR,100.0,1e-06
DHARAMSALA-JAIPUR,DHARAMSALA,JAIPUR,127.0,1e-06
KOLKATA-UDAIPUR,KOLKATA,UDAIPUR,106.0,1e-06
AIZAWL-JAIPUR,AIZAWL,JAIPUR,141.0,1e-06
AHMEDABAD-TIRUPATI,AHMEDABAD,TIRUPATI,144.0,1e-06
COOCH BEHAR-KOLKATA,COOCH BEHAR,KOLKATA,106.0,1e-06
AGRA-DELHI,AGRA,DELHI,77.0,1e-06
GOA-KOLHAPUR,GOA,KOLHAPUR,68.0,1e-06
KESHOD-PORBANDAR,KESHOD,PORBANDAR,70.0,1e-06
AIZAWL-CHANDIGARH,AIZAWL,CHANDIGARH,1.0,0.0
GOA-VIJAYWADA,GOA,VIJAYWADA,12.0,0.0
GOA-PORBANDAR,GOA,PORBANDAR,1.0,0.0
BAGDOGRA-RANCHI,BAGDOGRA,RANCHI,7.0,0.0
INDORE-KISHANGARH,INDORE,KISHANGARH,11.0,0.0
BAGDOGRA-JAIPUR,BAGDOGRA,JAIPUR,8.0,0.0
CHENNAI-JAISALMER,CHENNAI,JAISALMER,13.0,0.0
LUCKNOW-VADODARA,LUCKNOW,VADODARA,30.0,0.0
PUNE-VIJAYWADA,PUNE,VIJAYWADA,6.0,0.0
BELGAUM-GOA,BELGAUM,GOA,43.0,0.0
RAIPUR-SURAT,RAIPUR,SURAT,14.0,0.0
CHANDIGARH-KULLU,CHANDIGARH,KULLU,46.0,0.0
GUWAHATI-VARANASI,GUWAHATI,VARANASI,13.0,0.0
REWA-VADODARA,REWA,VADODARA,9.0,0.0
CHENNAI-JABALPUR,CHENNAI,JABALPUR,9.0,0.0
SURAT-THIRUVANANTHAPURAM,SURAT,THIRUVANANTHAPURAM,9.0,0.0
SURAT-VARANASI,SURAT,VARANASI,28.0,0.0
HIRASAR-INDORE,HIRASAR,INDORE,14.0,0.0
THIRUVANANTHAPURAM-VISHAKHAPATNAM,THIRUVANANTHAPURAM,VISHAKHAPATNAM,38.0,0.0
HIRASAR-LUCKNOW,HIRASAR,LUCKNOW,3.0,0.0
CHENNAI-DEOGHAR,CHENNAI,DEOGHAR,5.0,0.0
AURANGABAD-CHENNAI,AURANGABAD,CHENNAI,15.0,0.0
AHMEDABAD-PORBANDAR,AHMEDABAD,PORBANDAR,23.0,0.0
NAGPUR-NASHIK,NAGPUR,NASHIK,2.0,0.0
INDORE-TIRUPATI,INDORE,TIRUPATI,5.0,0.0
INDORE-VADODARA,INDORE,VADODARA,27.0,0.0
LUCKNOW-NASHIK,LUCKNOW,NASHIK,3.0,0.0
LUCKNOW-NAGPUR,LUCKNOW,NAGPUR,37.0,0.0
BHUBANESWAR-SRINAGAR,BHUBANESWAR,SRINAGAR,4.0,0.0
LEH-LUCKNOW,LEH,LUCKNOW,16.0,0.0
KOZHIKODE-PUNE,KOZHIKODE,PUNE,9.0,0.0
COIMBATORE-LUCKNOW,COIMBATORE,LUCKNOW,40.0,0.0
KOLKATA-TIRUCHIRAPPALLI,KOLKATA,TIRUCHIRAPPALLI,2.0,0.0
KOLKATA-THIRUVANANTHAPURAM,KOLKATA,THIRUVANANTHAPURAM,3.0,0.0
AGRA-VARANASI,AGRA,VARANASI,19.0,0.0
BHUBANESWAR-JORHAT,BHUBANESWAR,JORHAT,20.0,0.0
KOCHI-NAGPUR,KOCHI,NAGPUR,21.0,0.0
BHUBANESWAR-COIMBATORE,BHUBANESWAR,COIMBATORE,2.0,0.0
AGARTALA-RANCHI,AGARTALA,RANCHI,5.0,0.0
MUMBAI-SILCHAR,MUMBAI,SILCHAR,5.0,0.0
KHAJURAHO-MUMBAI,KHAJURAHO,MUMBAI,18.0,0.0
AGARTALA-MUMBAI,AGARTALA,MUMBAI,10.0,0.0
AGARTALA-LUCKNOW,AGARTALA,LUCKNOW,1.0,0.0
DELHI-NANDED,DELHI,NANDED,38.0,0.0
JAMNAGAR-KOLKATA,JAMNAGAR,KOLKATA,13.0,0.0
JAMMU-LUCKNOW,JAMMU,LUCKNOW,2.0,0.0
JAISALMER-UDAIPUR,JAISALMER,UDAIPUR,16.0,0.0
DURGAPUR-LUCKNOW,DURGAPUR,LUCKNOW,2.0,0.0
JAIPUR-RANCHI,JAIPUR,RANCHI,19.0,0.0
JABALPUR-NAGPUR,JABALPUR,NAGPUR,31.0,0.0
NAGPUR-RAIPUR,NAGPUR,RAIPUR,8.0,0.0
HIRASAR-VADODARA,HIRASAR,VADODARA,1.0,0.0
